PlayerID,Name,PlayerType,RegistrationTime
0001,aaron,Regular,2
0002,benny,Wildcard,4
0003,charlie,Regular,5
0004,danny,EarlyBird,6
0005,ellie,Wildcard,5
0006,fred,Regular,8
0007,greg,Wildcard,5
0008,henry,Regular,12
0009,iris,Regular,2
0010,jerry,Wildcard,5
0011,katnis,Regular,4
0012,larry,Wildcard,7
0013,mandy,EarlyBird,3
0014,nancy,Regular,5
0015,owen,Wildcard,3
0016,penny,EarlyBird,1
0017,queenie,Regular,4
0018,rendy,Wildcard,8
0019,sally,Regular,3
0020,tammy,Wildcard,5
0021,vanessa,EarlyBird,6
0022,wesley,Regular,8
0023,yu xin,Wildcard,9
